Pair,AUDUSD,EURUSD,GBPUSD,NZDUSD,USDCAD,USDCHF,USDJPY
AUDUSD,1.0,-0.9927911766967736,-0.16320653423550538,-0.7383237159502459,-0.7616840634684194,-0.9284622418973595,-0.19897386056312827
EURUSD,-0.9927911766967736,1.0,-0.6518150081072236,-0.22710868900059722,-0.25047618245647757,-0.4173055335637764,-0.687593348690134
GBPUSD,-0.16320653423550538,-0.6518150081072236,1.0,-0.3975000672735041,-0.42086517154588365,-0.5876774551181007,-0.8580398671142757
NZDUSD,-0.7383237159502459,-0.22710868900059722,-0.3975000672735041,1.0,-0.9958934840027359,-0.16264821478544036,-0.4332623724237783
USDCAD,-0.7616840634684194,-0.25047618245647757,-0.42086517154588365,-0.9958934840027359,1.0,-0.18600260364270071,-0.45662698623607867
USDCHF,-0.9284622418973595,-0.4173055335637764,-0.5876774551181007,-0.16264821478544036,-0.18600260364270071,1.0,-0.623435697889945
USDJPY,-0.19897386056312827,-0.687593348690134,-0.8580398671142757,-0.4332623724237783,-0.45662698623607867,-0.623435697889945,1.0
